"time","eurhuf","usdhuf","kinfodummy","napi_google","heti_google"
2020-01-01,330.623992919922,295.040008544922,0,0,1
2020-01-02,330.878997802734,295.459991455078,0,0,1
2020-01-03,330.579986572266,296.984985351562,0,0,1
2020-01-06,330.070007324219,295.589996337891,0,0,2
2020-01-07,331.402008056641,297.595001220703,0,0,2
2020-01-08,332.059997558594,298.294006347656,0,0,2
2020-01-09,333.122009277344,300.191986083984,0,24,2
2020-01-10,334.016998291016,301.109008789062,0,0,2
2020-01-13,334.998992919922,301.350006103516,0,11,2
2020-01-14,334,299.871002197266,0,7,2
2020-01-15,333.216003417969,299.601013183594,0,0,2
2020-01-16,334.464996337891,300.394989013672,0,14,2
2020-01-17,336.085998535156,302.963012695312,0,0,2
2020-01-20,336.933013916016,303.950988769531,0,0,0
2020-01-21,335.611999511719,302.799987792969,0,0,0
2020-01-22,336.325012207031,303.540008544922,0,0,0
2020-01-23,337.412994384766,305.549987792969,0,0,0
2020-01-24,336.769989013672,304.993011474609,0,0,0
2020-01-27,338.611999511719,307.279998779297,0,0,0
2020-01-28,338.471984863281,307.596984863281,0,0,0
2020-01-29,338.255004882812,307.391998291016,0,7,0
2020-01-30,338.549987792969,307.313995361328,0,14,0
2020-01-31,337.578002929688,306.149993896484,0,0,0
2020-02-03,338.036987304688,305.532012939453,0,0,1
2020-02-04,337.220001220703,305.010009765625,0,10,1
2020-02-05,337.167999267578,306.43798828125,0,6,1
2020-02-06,337.944000244141,308.135009765625,0,0,1
2020-02-07,339.098999023438,309.5,0,12,1
2020-02-10,338.196990966797,309.774993896484,0,0,1
2020-02-11,338.894012451172,310.459991455078,0,0,1
2020-02-12,339.946014404297,312.256011962891,0,0,1
2020-02-13,340.049011230469,312.829986572266,0,16,1
2020-02-14,337.653015136719,311.855010986328,0,8,1
2020-02-17,335.971984863281,310.106994628906,0,9,1
2020-02-18,335.912994384766,310.660003662109,0,0,1
2020-02-19,337.100006103516,312.328002929688,0,0,1
2020-02-20,338.31201171875,313.705993652344,0,0,1
2020-02-21,338.286010742188,313.510009765625,0,0,1
2020-02-24,338.524993896484,312.789001464844,0,0,2
2020-02-25,338.579986572266,311.809997558594,0,0,2
2020-02-26,339.7080078125,312.768005371094,0,11,2
2020-02-27,339.803009033203,311.589996337891,0,9,2
2020-02-28,340.433013916016,309.535003662109,0,0,2
2020-03-02,338.657012939453,306.829986572266,0,0,0
2020-03-03,337.973999023438,303.915008544922,0,0,0
2020-03-04,335.950988769531,302.563995361328,0,0,0
2020-03-05,336.582000732422,302.100006103516,0,27,0
2020-03-06,337.799011230469,300.184997558594,0,0,0
2020-03-09,338.252014160156,297.328002929688,0,0,17
2020-03-10,336.420013427734,296.279998779297,0,15,17
2020-03-11,336.177001953125,298.272003173828,0,100,17
2020-03-12,340.032012939453,306.910003662109,0,59,17
2020-03-13,340.311004638672,307.575988769531,0,86,17
2020-03-16,345.050994873047,310.329986572266,0,64,15
2020-03-17,348.101013183594,316.68701171875,0,29,15
2020-03-18,354.661010742188,326.665008544922,0,67,15
2020-03-19,359.248992919922,333.290008544922,0,48,15
2020-03-20,357.381988525391,335.820007324219,0,35,15
2020-03-23,355.808013916016,331.638000488281,0,13,10
2020-03-24,357.608001708984,331.899993896484,0,7,10
2020-03-25,355.341003417969,329.080993652344,0,15,10
2020-03-26,358.024993896484,327.238006591797,0,39,10
2020-03-27,356.050994873047,324.611999511719,0,58,10
2020-03-29,359.420989990234,326.386993408203,0,0,5
2020-03-30,361.044006347656,329.350006103516,0,26,5
2020-03-31,369.322998046875,337.824005126953,0,7,5
2020-04-01,364.558013916016,335.635986328125,0,0,5
2020-04-02,367.795989990234,341.079986572266,0,28,5
2020-04-05,365.998992919922,338.790008544922,0,17,9
2020-04-06,363.980010986328,337.209991455078,0,19,9
2020-04-07,359.75,330.914001464844,0,13,9
2020-04-08,358.869995117188,330.369995117188,0,94,9
2020-04-09,353.238006591797,323.559997558594,0,58,9
2020-04-12,354.248992919922,324.85400390625,0,12,7
2020-04-13,354.138000488281,323.980010986328,0,0,7
2020-04-14,352.1669921875,323.621002197266,0,0,7
2020-04-15,352.316009521484,324.390014648438,0,14,7
2020-04-16,352.802001953125,325.944000244141,1,90,7
2020-04-19,354.677001953125,326.803985595703,0,8,4
2020-04-20,355.851989746094,328.337005615234,0,10,4
2020-04-21,357.703002929688,330.404998779297,0,17,4
2020-04-22,358.334014892578,332.759002685547,0,17,4
2020-04-23,357.410003662109,333.174011230469,1,21,4
2020-04-26,355.768005371094,329.380004882812,0,0,8
2020-04-27,358.390991210938,330.785003662109,0,8,8
2020-04-28,357.596984863281,329.690002441406,0,0,8
2020-04-29,354.579986572266,326.529998779297,0,23,8
2020-04-30,354.497985839844,322.690002441406,1,87,8
2020-05-03,354.519012451172,324.690002441406,0,7,5
2020-05-04,353.901000976562,324.890991210938,0,12,5
2020-05-05,351.502990722656,325.674011230469,0,0,5
2020-05-06,351.191009521484,326.019012451172,0,0,5
2020-05-07,350.535003662109,323.700012207031,1,27,5
2020-05-10,350.510009765625,323.890014648438,0,10,7
2020-05-11,350.924987792969,325.010009765625,0,0,7
2020-05-12,354.730010986328,327.295989990234,0,0,7
2020-05-13,354.765014648438,328.980010986328,0,12,7
2020-05-14,354.739013671875,328.769989013672,1,88,7
2020-05-17,354.480010986328,327.790985107422,0,18,4
2020-05-18,353.075988769531,323.869995117188,0,0,4
2020-05-19,350.623992919922,320.510009765625,0,7,4
2020-05-20,349.93798828125,319.480010986328,0,14,4
2020-05-21,350.554992675781,321.72900390625,1,23,4
2020-05-24,351.098999023438,322.480010986328,0,25,4
2020-05-25,350.912994384766,321.850006103516,0,9,4
2020-05-26,349.316009521484,319.119995117188,0,0,4
2020-05-27,350.247985839844,318.615997314453,0,9,4
2020-05-28,349.721984863281,315.660003662109,1,17,4
2020-05-31,346.527008056641,311.970001220703,0,0,6
2020-06-01,346.221984863281,311.390014648438,0,0,6
2020-06-02,346.239013671875,309.481994628906,0,17,6
2020-06-03,345.766998291016,308.773986816406,0,16,6
2020-06-04,344.785003662109,304.919006347656,1,47,6
2020-06-07,344.302001953125,305.143005371094,0,18,3
2020-06-08,345.217987060547,306.424011230469,0,6,3
2020-06-09,344.194000244141,303.970001220703,0,12,3
2020-06-10,345.716003417969,304.233001708984,0,0,3
2020-06-11,347.307006835938,308.989990234375,0,25,3
2020-06-14,347.967010498047,309.790008544922,0,0,10
2020-06-15,346.764007568359,308.016998291016,0,0,10
2020-06-16,345.315002441406,307.75,1,18,10
2020-06-17,346.575988769531,309.153015136719,0,44,10
2020-06-18,346.204010009766,309.570007324219,0,100,10
2020-06-21,347.243011474609,309.492004394531,0,0,1
2020-06-22,350.622985839844,309.876007080078,0,0,1
2020-06-23,351.85400390625,312.43798828125,0,0,1
2020-06-24,355.027008056641,316.897003173828,0,0,1
2020-06-25,355.941009521484,317.773010253906,1,22,1
2020-06-28,357.296997070312,317.434997558594,0,0,2
2020-06-29,357.316009521484,318.605987548828,0,0,2
2020-06-30,355.010009765625,317.082000732422,0,0,2
2020-07-01,353.113006591797,313.510009765625,0,0,2
2020-07-02,353.274993896484,314.209991455078,0,7,2
2020-07-05,354.368988037109,314.768005371094,0,3,5
2020-07-06,354.308013916016,314.174987792969,0,0,5
2020-07-07,355.773986816406,315.720001220703,0,0,5
2020-07-08,354.980987548828,313.178985595703,0,0,5
2020-07-09,353.963989257812,314.364013671875,0,14,5
2020-07-12,354.095001220703,313.015014648438,0,35,12
2020-07-13,355.660003662109,313.533996582031,0,2,12
2020-07-14,355.070007324219,311.649993896484,0,0,12
2020-07-15,354.152008056641,311.160003662109,0,9,12
2020-07-16,354.009002685547,311.029998779297,1,20,12
2020-07-19,353.820007324219,309.441986083984,0,4,3
2020-07-20,352.170013427734,307.940002441406,0,3,3
2020-07-21,350.730987548828,304.570007324219,0,6,3
2020-07-22,347.910003662109,301.011993408203,0,0,3
2020-07-23,348.140014648438,300.122985839844,0,8,3
2020-07-26,346.156005859375,296.855010986328,0,0,15
2020-07-27,347.061004638672,296.226989746094,0,0,15
2020-07-28,348.158996582031,296.596008300781,0,0,15
2020-07-29,346.278991699219,294.549987792969,0,18,15
2020-07-30,345.240997314453,291.7080078125,1,60,15
2020-08-02,346.029998779297,295.725006103516,0,0,2
2020-08-03,346.382995605469,295.303009033203,0,2,2
2020-08-04,346.309997558594,293.290008544922,0,0,2
2020-08-05,346.410003662109,292.601989746094,0,5,2
2020-08-06,347.281005859375,295.367004394531,1,7,2
2020-08-09,346.47900390625,294.285003662109,0,5,5
2020-08-10,345.4169921875,294.179992675781,0,0,5
2020-08-11,345.720001220703,294.578002929688,0,2,5
2020-08-12,345.290008544922,292.600006103516,0,5,5
2020-08-13,346.337005615234,293.7080078125,0,11,5
2020-08-16,349.154998779297,294.480010986328,0,0,5
2020-08-17,350.192993164062,294.524993896484,0,5,5
2020-08-18,349.990997314453,293.472991943359,0,6,5
2020-08-19,350.860992431641,297.194000244141,1,17,5
2020-08-20,351.151000976562,298.410003662109,0,4,5
2020-08-23,351.825988769531,298.135009765625,0,0,34
2020-08-24,353.973999023438,299.347991943359,0,4,34
2020-08-25,356.496002197266,301.640014648438,0,0,34
2020-08-26,356.630004882812,302.980010986328,0,39,34
2020-08-27,356.528015136719,301.429992675781,0,31,34
2020-08-30,356.212005615234,298.657989501953,0,6,5
2020-08-31,356.070007324219,297.884002685547,0,5,5
2020-09-01,358.898986816406,302.928009033203,0,3,5
2020-09-02,358.912994384766,304.089996337891,0,4,5
2020-09-03,361.571014404297,306.731994628906,0,3,5
2020-09-06,360.481994628906,304.837005615234,0,3,8
2020-09-07,361.277008056641,306.584991455078,0,7,8
2020-09-08,358.343994140625,304.600006103516,0,5,8
2020-09-09,357.838012695312,302.579986572266,0,0,8
2020-09-10,357.769989013672,302.320007324219,0,18,8
2020-09-13,358.328002929688,302.410003662109,0,0,4
2020-09-14,357.845001220703,302.063995361328,0,0,4
2020-09-15,359.072998046875,303.559997558594,0,9,4
2020-09-16,361.139007568359,306.235992431641,0,8,4
2020-09-17,361.010009765625,304.924987792969,0,0,4
2020-09-20,363.382995605469,309.169006347656,0,4,1
2020-09-21,363.511993408203,310.694000244141,0,4,1
2020-09-22,365.726013183594,313.356994628906,0,0,1
2020-09-23,366.247009277344,314.304992675781,0,0,1
2020-09-24,363.837005615234,313.221984863281,0,0,1
2020-09-27,365.746002197266,313.872985839844,0,0,2
2020-09-28,366.221984863281,313.899993896484,0,8,2
2020-09-29,365.484985351562,312.350006103516,0,4,2
2020-09-30,363.351989746094,309.989990234375,0,0,2
2020-10-01,359.529998779297,307.246002197266,1,4,2
2020-10-04,360.162994384766,306.015014648438,0,0,1
2020-10-05,360.802001953125,306.345001220703,1,9,1
2020-10-06,360.589996337891,307.470001220703,0,0,1
2020-10-07,359.006011962891,305.130004882812,0,0,1
2020-10-08,357.154998779297,303.809997558594,1,22,1
2020-10-11,357.735992431641,302.93701171875,0,0,2
2020-10-12,361.240997314453,307.811004638672,0,0,2
2020-10-13,363.951995849609,310.157989501953,0,38,2
2020-10-14,365.343994140625,312.148010253906,0,0,2
2020-10-15,365.026000976562,311.626007080078,0,28,2
2020-10-18,366.032989501953,311.335998535156,0,0,3
2020-10-19,366.119995117188,310.679992675781,0,0,3
2020-10-20,364.523986816406,307.669006347656,0,0,3
2020-10-21,364.981994628906,308.546997070312,0,0,3
2020-10-22,365.595001220703,309.388000488281,1,55,3
2020-10-26,365.509002685547,309.43701171875,0,0,2
2020-10-27,365.566009521484,309.315002441406,0,0,2
2020-10-28,368.066009521484,313.648010253906,0,32,2
2020-10-29,369.059997558594,315.463989257812,0,11,2
2020-10-30,368.739990234375,315.910003662109,0,0,2
2020-11-02,367.052001953125,315.755004882812,0,0,6
2020-11-03,366.218994140625,314.739990234375,0,91,6
2020-11-04,366.549987792969,315.204010009766,1,27,6
2020-11-05,362.579986572266,309.394989013672,0,19,6
2020-11-06,359.803985595703,304.179992675781,0,10,6
2020-11-09,360.136993408203,304.424011230469,0,80,7
2020-11-10,359.059997558594,304.548004150391,0,41,7
2020-11-11,356.101013183594,302.903991699219,0,0,7
2020-11-12,355.726989746094,302.255004882812,1,27,7
2020-11-13,357.015014648438,302.087005615234,0,11,7
2020-11-16,359.532989501953,303.910003662109,0,0,2
2020-11-17,361.816009521484,304.845001220703,0,10,2
2020-11-18,362.451995849609,305.029998779297,0,37,2
2020-11-19,361.565002441406,305.804992675781,1,18,2
2020-11-20,360.037994384766,303.649993896484,0,12,2
2020-11-23,361.471984863281,306.165008544922,0,32,9
2020-11-24,361.329986572266,304.825012207031,0,11,9
2020-11-25,361.407012939453,303.845001220703,0,54,9
2020-11-26,361.255004882812,303.790008544922,1,100,9
2020-11-27,362.5,304.049987792969,0,11,9
2020-11-30,361.781005859375,302.350006103516,0,0,2
2020-12-01,358.885986328125,300.799987792969,0,12,2
2020-12-02,359.64599609375,297.75,0,16,2
2020-12-03,359.898986816406,296.940002441406,1,29,2
2020-12-04,358.971008300781,295.39599609375,0,0,2
2020-12-07,360.199005126953,298.165008544922,0,84,5
2020-12-08,361.532989501953,298.820007324219,0,19,5
2020-12-09,358.657989501953,296.350006103516,0,0,5
2020-12-10,356.329010009766,295.089996337891,1,16,5
2020-12-11,355.191986083984,293.101989746094,0,12,5
2020-12-14,354.660003662109,292.489990234375,0,11,2
2020-12-15,355.903991699219,293.255004882812,0,0,2
2020-12-16,356.373992919922,293.170013427734,0,0,2
2020-12-17,355.881011962891,291.239990234375,0,33,2
2020-12-18,357.867004394531,292.649993896484,0,10,2
2020-12-21,361.514007568359,297.897003173828,0,50,4
2020-12-22,362.290985107422,297.743988037109,1,47,4
2020-12-23,363.009002685547,298.125,0,39,4
2020-12-24,363.048004150391,298.005004882812,0,18,4
2020-12-25,363.100006103516,297.679992675781,0,20,4
2020-12-28,364.704986572266,299.059997558594,0,0,1
2020-12-29,364.967987060547,297.871002197266,0,11,1
2020-12-30,365.032989501953,297.660003662109,0,0,1
2020-12-31,365.096984863281,297.274993896484,0,24,1
2021-01-01,362.365997314453,296.760009765625,0,0,1
2021-01-04,362.389007568359,296.299987792969,0,1,6
2021-01-05,361.964996337891,295.200012207031,0,1,6
2021-01-06,358.924987792969,292.350006103516,0,2,6
2021-01-07,359.872985839844,293.256988525391,0,3,6
2021-01-08,360.515014648438,294.996002197266,0,0,6
2021-01-11,361.778991699219,297.804992675781,0,0,1
2021-01-12,361.43701171875,297.589996337891,0,0,1
2021-01-13,360.528991699219,296.584991455078,0,1,1
2021-01-14,360.688995361328,297.135986328125,0,2,1
2021-01-15,360.734985351562,298.420013427734,0,0,1
2021-01-18,360.946990966797,299.109985351562,0,1,2
2021-01-19,359.639007568359,297.484985351562,0,0,2
2021-01-20,357.690002441406,295.984985351562,0,1,2
2021-01-21,357.688995361328,294.980010986328,1,1,2
2021-01-22,357.707000732422,294.140014648438,0,0,2
2021-01-25,357.747985839844,295.095001220703,0,1,8
2021-01-26,359.329010009766,296.420013427734,0,0,8
2021-01-27,360.819000244141,299.019989013672,0,2,8
2021-01-28,361.024993896484,298.679992675781,1,11,8
2021-01-29,359,296.875,0,1,8
2021-02-01,357.213012695312,295.388000488281,0,1,2
2021-02-02,355.976989746094,296.036010742188,0,0,2
2021-02-03,355.9169921875,296.319000244141,0,1,2
2021-02-04,356.132995605469,297.432006835938,0,1,2
2021-02-05,356.796997070312,297.875,1,2,2
2021-02-08,359.049011230469,298.605010986328,0,0,0
2021-02-09,359.446014404297,297.839996337891,0,2,0
2021-02-10,358.158996582031,295.809997558594,0,1,0
2021-02-11,358.040008544922,295.252014160156,1,1,0
2021-02-12,359.290985107422,297.313995361328,0,0,0
2021-02-15,359.080993652344,295.848999023438,0,1,2
2021-02-16,359.240997314453,296.915985107422,0,0,2
2021-02-17,359.286010742188,298.454010009766,0,0,2
2021-02-18,359.494995117188,298.026000976562,0,1,2
2021-02-19,358.779998779297,296.829986572266,0,1,2
2021-02-22,359.524993896484,297.329986572266,0,2,7
2021-02-23,359.671997070312,295.959991455078,0,1,7
2021-02-24,359.984985351562,297.207000732422,0,1,7
2021-02-25,361.242004394531,295.690002441406,1,3,7
2021-02-26,362.529998779297,299.731994628906,0,0,7
2021-03-01,364.092010498047,302.260009765625,0,1,100
2021-03-02,364.632995605469,303.700988769531,0,1,100
2021-03-03,364.385986328125,302.350006103516,0,3,100
2021-03-04,364.976013183594,303.473999023438,1,100,100
2021-03-05,367.68798828125,308.688995361328,0,24,100
2021-03-08,367.953002929688,310.515014648438,0,0,6
2021-03-09,367.699005126953,310.554992675781,0,0,6
2021-03-10,367.390991210938,309.105010986328,0,2,6
2021-03-11,366.625,307.760009765625,1,3,6
2021-03-12,366.81201171875,307.924011230469,0,1,6
2021-03-15,367.561004638672,308.494995117188,0,1,30
2021-03-16,367.613006591797,309.070007324219,0,2,30
2021-03-17,367.8330078125,309.369995117188,0,5,30
2021-03-18,368.917999267578,309.75,1,22,30
2021-03-19,368.600006103516,309.855010986328,0,8,30
2021-03-22,368.170989990234,309.799987792969,0,1,27
2021-03-23,366.873992919922,308.654998779297,0,1,27
2021-03-24,366.751007080078,310.234985351562,0,2,27
2021-03-25,364.657989501953,309.505004882812,1,17,27
2021-03-26,364.393005371094,309.390014648438,0,11,27
2021-03-28,363.031005859375,308.631011962891,0,1,7
2021-03-29,363.502990722656,310.359985351562,0,2,7
2021-03-30,363.752990722656,310.529998779297,0,0,7
2021-03-31,362.446014404297,308.971008300781,0,1,7
2021-04-01,361.744995117188,307.880004882812,0,2,7
2021-04-04,361.380004882812,307.665008544922,0,20,11
2021-04-05,361.442993164062,306.226989746094,0,20,11
2021-04-06,360.910003662109,304.075012207031,0,44,11
2021-04-07,359.148986816406,302.684997558594,0,19,11
2021-04-08,359.372985839844,302.214996337891,1,32,11
2021-04-11,357.721984863281,300.977996826172,0,0,9
2021-04-12,359.669006347656,302.404998779297,0,11,9
2021-04-13,359.375,300.609985351562,0,12,9
2021-04-14,359.371002197266,300.398010253906,0,41,9
2021-04-15,361.341003417969,301.649993896484,1,25,9
2021-04-18,361.630004882812,302.390014648438,0,0,6
2021-04-19,361.460998535156,300.315002441406,0,20,6
2021-04-20,363.269989013672,302.722991943359,0,7,6
2021-04-21,363.944000244141,303.070007324219,0,5,6
2021-04-22,364.217987060547,302.839996337891,1,33,6
2021-04-25,363.954986572266,301.269989013672,0,7,6
2021-04-26,363.483001708984,301.305999755859,0,19,6
2021-04-27,362.677001953125,300.670013427734,0,0,6
2021-04-28,361.941009521484,298.674987792969,0,17,6
2021-04-29,360.205993652344,299.339996337891,1,22,6
2021-05-02,360.265991210938,299.783996582031,0,0,14
2021-05-03,360.591003417969,300.329010009766,0,9,14
2021-05-04,360.569000244141,300.739990234375,0,4,14
2021-05-05,358.950012207031,299.140014648438,0,6,14
2021-05-06,358.971984863281,297.575012207031,1,100,14
2021-05-09,358.350006103516,295.165008544922,0,8,6
2021-05-10,359.269989013672,295.795013427734,0,0,6
2021-05-11,358.89599609375,296.089996337891,0,6,6
2021-05-12,357.513000488281,296.130004882812,0,6,6
2021-05-13,356.761993408203,295.359985351562,1,37,6
2021-05-16,355.078002929688,292.809997558594,0,11,7
2021-05-17,351.402008056641,289.130004882812,0,6,7
2021-05-18,351.709014892578,288.119995117188,0,10,7
2021-05-19,350.609985351562,288.089996337891,0,11,7
2021-05-20,349.911010742188,287.070007324219,1,16,7
2021-05-23,348.691009521484,286.5,0,5,2
2021-05-24,349.757995605469,285.944000244141,0,0,2
2021-05-25,351.313995361328,287.299987792969,0,9,2
2021-05-26,349.449005126953,286.940002441406,0,6,2
2021-05-27,348.438995361328,286.68798828125,0,4,2
2021-05-30,348.161987304688,285.625,0,0,2
2021-05-31,347.337005615234,284.294006347656,0,0,2
2021-06-01,346.591003417969,284.75,0,0,2
2021-06-02,347.688995361328,286.826995849609,0,5,2
2021-06-03,347.330993652344,286.774993896484,1,7,2
2021-06-06,346.786987304688,284.829986572266,0,0,3
2021-06-07,348.816986083984,286.440002441406,0,0,3
2021-06-08,348.588012695312,286.404998779297,0,5,3
2021-06-09,346.300994873047,284.7080078125,0,11,3
2021-06-10,347.954986572266,287.579986572266,1,22,3
2021-06-13,351.247009277344,289.941986083984,0,0,2
2021-06-14,352.717987060547,291.054992675781,0,7,2
2021-06-15,352.087005615234,290.423004150391,0,17,2
2021-06-16,355.996002197266,298.535003662109,0,0,2
2021-06-17,356.247985839844,300.571014404297,0,0,2
2021-06-20,355.656005859375,300.101989746094,0,0,11
2021-06-21,356.277008056641,299.813995361328,0,0,11
2021-06-22,351.169006347656,293.869995117188,0,9,11
2021-06-23,351.665985107422,294.843994140625,0,7,11
2021-06-24,352.18798828125,294.950012207031,1,98,11
2021-06-27,351.990997314453,295.631011962891,0,10,10
2021-06-28,351.828002929688,295.611999511719,0,12,10
2021-06-29,352.010009765625,296.834991455078,0,15,10
2021-06-30,351.828002929688,296.871002197266,0,19,10
2021-07-01,352.382995605469,298.111999511719,0,27,10
2021-07-04,352.152008056641,296.828002929688,0,5,2
2021-07-05,353.779998779297,299.360992431641,0,0,2
2021-07-06,357.628997802734,303.519012451172,0,10,2
2021-07-07,358.571014404297,303.609008789062,1,0,2
2021-07-08,357.644989013672,302.420013427734,0,0,2
2021-07-11,356.031005859375,300.239990234375,0,0,2
2021-07-12,357.945007324219,302.920013427734,0,0,2
2021-07-13,359.242004394531,304.600006103516,0,7,2
2021-07-14,359.661987304688,304.440002441406,0,5,2
2021-07-15,359.915008544922,305,1,14,2
2021-07-18,360.244995117188,306.084991455078,0,0,3
2021-07-19,360.005004882812,306,0,3,3
2021-07-20,360.191986083984,306.359985351562,0,12,3
2021-07-21,359.600006103516,305.105010986328,0,0,3
2021-07-22,360.298004150391,306.369995117188,1,14,3
2021-07-25,362.325012207031,307.571990966797,0,16,1
2021-07-26,362.061004638672,307.584991455078,0,0,1
2021-07-27,361.223999023438,306.483001708984,0,5,1
2021-07-28,360.279998779297,304.209991455078,0,0,1
2021-07-29,358.821990966797,301.869995117188,0,0,1
2021-08-01,359.093994140625,302.429992675781,0,0,2
2021-08-02,356.222991943359,300.25,0,0,2
2021-08-03,355.691986083984,300.065002441406,0,15,2
2021-08-04,354.890014648438,299.785003662109,0,6,2
2021-08-05,353.799011230469,300.924011230469,0,0,2
2021-08-08,354.378997802734,301.510009765625,0,0,1
2021-08-09,353.532989501953,301.665008544922,0,6,1
2021-08-10,355.381988525391,303.535003662109,0,0,1
2021-08-11,353.894989013672,301.589996337891,0,0,1
2021-08-12,352.971008300781,300.739990234375,0,0,1
2021-08-15,352.527008056641,299.182006835938,0,0,13
2021-08-16,352.063995361328,300.299011230469,0,0,13
2021-08-17,351.381011962891,300.200012207031,0,0,13
2021-08-18,351.592010498047,300.942993164062,0,0,13
2021-08-19,351.22900390625,300.709991455078,0,6,13
2021-08-22,350.502990722656,299.320007324219,0,15,1
2021-08-23,349.81201171875,298.109985351562,0,0,1
2021-08-24,349.046997070312,297.39599609375,0,0,1
2021-08-25,349.123992919922,296.89599609375,0,0,1
2021-08-26,350.9169921875,299.002990722656,0,0,1
2021-08-29,349.319000244141,296.100006103516,0,0,1
2021-08-30,349.739013671875,295.946990966797,0,9,1
2021-08-31,348.820007324219,295.760009765625,0,0,1
2021-09-01,349.194000244141,294.440002441406,0,6,1
2021-09-02,348.721008300781,293.660003662109,0,7,1
2021-09-05,348.128997802734,293.239990234375,0,0,0
2021-09-06,348.884002685547,294.649993896484,0,5,0
2021-09-07,350.470001220703,296.696014404297,0,0,0
2021-09-08,351.289001464844,297.394989013672,0,0,0
2021-09-09,351.088989257812,296.665008544922,0,0,0
2021-09-12,350.415008544922,297.375,0,0,4
2021-09-13,350.092010498047,296.553985595703,0,0,4
2021-09-14,350.011993408203,296.549987792969,0,6,4
2021-09-15,351.295013427734,298.696990966797,1,16,4
2021-09-16,353.177001953125,300.855987548828,0,0,4
2021-09-19,354.505004882812,302.489013671875,0,0,2
2021-09-20,354.928985595703,302.385009765625,0,3,2
2021-09-21,355.467010498047,303.029998779297,0,4,2
2021-09-22,356.502014160156,304.119995117188,0,0,2
2021-09-23,357.031005859375,304.843994140625,0,4,2
2021-09-26,358.427001953125,306.429992675781,0,0,2
2021-09-27,359.761993408203,308.140014648438,0,0,2
2021-09-28,360.114990234375,310.101989746094,0,0,2
2021-09-29,361.113006591797,311.885009765625,0,9,2
2021-09-30,359.609985351562,310.529998779297,0,0,2
2021-10-03,357.417999267578,308.160003662109,0,0,1
2021-10-04,358.329986572266,308.654998779297,0,0,1
2021-10-05,360.365997314453,312.239990234375,0,4,1
2021-10-06,358.821990966797,310.7080078125,0,0,1
2021-10-07,361.054992675781,312.070007324219,0,0,1
2021-10-10,361.680999755859,313.015014648438,0,0,1
2021-10-11,360.533996582031,312.544006347656,0,0,1
2021-10-12,360.747009277344,312.660003662109,0,0,1
2021-10-13,359.914001464844,310.670013427734,0,2,1
2021-10-14,360.022003173828,310.570007324219,0,0,1
2021-10-17,362.316986083984,312.265014648438,0,3,2
2021-10-18,362.417999267578,311.605010986328,0,0,2
2021-10-19,363.311004638672,312.555999755859,0,0,2
2021-10-20,363.927001953125,312.744995117188,0,0,2
2021-10-21,364.580993652344,313.467010498047,1,6,2
2021-10-24,366.772003173828,316.304992675781,0,3,11
2021-10-25,366.592987060547,316.085998535156,0,0,11
2021-10-26,365.592010498047,315.571014404297,0,0,11
2021-10-27,363.828002929688,314.070007324219,0,2,11
2021-10-28,362.343994140625,311.940002441406,1,21,11
2021-11-01,360.727996826172,311.920013427734,0,2,6
2021-11-02,361.201995849609,311.182006835938,0,0,6
2021-11-03,359.957000732422,310.773986816406,0,3,6
2021-11-04,360.4169921875,312.412994384766,0,11,6
2021-11-05,360.290985107422,312.161987304688,0,0,6
2021-11-08,362.049987792969,311.700012207031,0,10,22
2021-11-09,362.143005371094,312.527008056641,0,3,22
2021-11-10,363.372009277344,315.570007324219,0,4,22
2021-11-11,365.811004638672,319.194000244141,0,37,22
2021-11-12,366.846984863281,320.572998046875,0,7,22
2021-11-15,367.078002929688,320.691986083984,0,0,38
2021-11-16,366.694000244141,322.975006103516,0,0,38
2021-11-17,365.345001220703,323.756988525391,0,2,38
2021-11-18,364.549011230469,321.880004882812,1,100,38
2021-11-19,368.27099609375,327.029998779297,0,18,38
2021-11-22,370.177001953125,329.143005371094,0,2,9
2021-11-23,371.858001708984,330.742004394531,0,3,9
2021-11-24,370,330.035003662109,0,2,9
2021-11-25,368.739990234375,328.970001220703,0,20,9
2021-11-26,369.652008056641,328.135009765625,0,2,9
2021-11-29,369.192993164062,327.350006103516,0,2,10
2021-11-30,368.408996582031,325.565002441406,0,4,10
2021-12-01,365.111999511719,322.885009765625,0,0,10
2021-12-02,364.007995605469,321.940002441406,1,27,10
2021-12-03,366.032012939453,324.274993896484,0,5,10
2021-12-06,365.75,324.600006103516,0,0,4
2021-12-07,367.334014892578,326.782012939453,0,0,4
2021-12-08,368.654998779297,327.135009765625,0,1,4
2021-12-09,366.273010253906,323.869995117188,0,8,4
2021-12-10,365.835998535156,324.660003662109,0,3,4
2021-12-13,368.360992431641,326.679992675781,0,0,3
2021-12-14,367.868988037109,326.346008300781,0,0,3
2021-12-15,370.264007568359,329.105987548828,0,4,3
2021-12-16,369.584991455078,327.239990234375,0,0,3
2021-12-17,368.627990722656,325.640014648438,0,0,3
2021-12-20,368.609985351562,326.920013427734,0,2,7
2021-12-21,369.013000488281,327.149993896484,0,12,7
2021-12-22,369.049011230469,326.397003173828,0,4,7
2021-12-23,369.997009277344,327.553985595703,0,2,7
2021-12-24,371.423004150391,327.579986572266,0,3,7
2021-12-27,371.420013427734,328.160003662109,0,0,2
2021-12-28,370.139007568359,327.503997802734,0,0,2
2021-12-29,370.622985839844,327.889007568359,0,2,2
2021-12-30,370.485992431641,327.674011230469,0,0,2
2021-12-31,369.773986816406,326.863006591797,0,0,2
2022-01-03,369.697998046875,326.095001220703,0,0,1
2022-01-04,366.822998046875,324.959991455078,0,7,1
2022-01-05,362.938995361328,321.601989746094,0,0,1
2022-01-06,363.402008056641,321.820007324219,0,0,1
2022-01-07,360.141998291016,318.898986816406,0,7,1
2022-01-10,359.523010253906,318.475006103516,0,15,9
2022-01-11,358.747009277344,316.589996337891,0,0,9
2022-01-12,357.115997314453,314.459991455078,0,0,9
2022-01-13,356.061004638672,310.584991455078,1,47,9
2022-01-14,357.140014648438,312.238006591797,0,15,9
2022-01-17,356.579986572266,312.779998779297,0,4,3
2022-01-18,358.035003662109,315.825012207031,0,0,3
2022-01-19,358.223999023438,316.157012939453,0,9,3
2022-01-20,357.026000976562,314.723999023438,0,14,3
2022-01-21,358.941986083984,316.315002441406,0,0,3
2022-01-24,361.567993164062,319.5830078125,0,0,2
2022-01-25,361.640991210938,320.029998779297,0,0,2
2022-01-26,360.066986083984,319.234008789062,0,16,2
2022-01-27,361.005004882812,322.467010498047,0,10,2
2022-01-28,359.153991699219,322.515991210938,0,14,2
2022-01-31,358.432006835938,321.779998779297,0,0,7
2022-02-01,356.347991943359,316.570007324219,0,0,7
2022-02-02,355.85400390625,315.605010986328,0,5,7
2022-02-03,354.841003417969,314.359985351562,1,50,7
2022-02-04,355.256011962891,310.239990234375,0,0,7
2022-02-07,354.342010498047,310.149993896484,0,0,2
2022-02-08,354.295013427734,310.591003417969,0,8,2
2022-02-09,353.493011474609,309.934997558594,0,5,2
2022-02-10,355.574005126953,312.325988769531,0,9,2
2022-02-11,354.428009033203,311.542999267578,0,0,2
2022-02-14,358.169006347656,316.821014404297,0,9,5
2022-02-15,357.414001464844,315.959991455078,0,0,5
2022-02-16,356.684997558594,314.105010986328,1,34,5
2022-02-17,357.399993896484,314.727996826172,0,8,5
2022-02-18,357.747985839844,315.980010986328,0,0,5
2022-02-21,357.515014648438,315.549987792969,0,6,1
2022-02-22,358.445007324219,317.298004150391,0,0,1
2022-02-23,360.390014648438,318.760009765625,0,3,1
2022-02-24,371.462005615234,333.707000732422,0,8,1
2022-02-25,369.432006835938,330.510986328125,0,12,1
2022-02-28,372.299987792969,333.277008056641,0,0,11
2022-03-01,379.460998535156,340.230010986328,0,0,11
2022-03-02,382.81298828125,345.239990234375,0,0,11
2022-03-03,380.875,344.860992431641,1,100,11
2022-03-04,386.712005615234,354.024993896484,0,17,11
2022-03-07,399.384002685547,367.783996582031,0,8,13
2022-03-08,395.074005126953,363.704986572266,0,8,13
2022-03-09,389.040008544922,357.359985351562,0,0,13
2022-03-10,382.134002685547,347.088989257812,1,86,13
2022-03-11,382.68701171875,348.704010009766,0,34,13
2022-03-14,381.377990722656,350.190002441406,0,0,1
2022-03-15,374.006988525391,341.549987792969,0,0,1
2022-03-16,373.582000732422,340.579986572266,0,18,1
2022-03-17,372.727996826172,337.846984863281,0,6,1
2022-03-18,376.385009765625,341.981994628906,0,0,1
2022-03-21,375.082000732422,339.903991699219,0,0,1
2022-03-22,373.747985839844,340.735992431641,0,10,1
2022-03-23,373.135009765625,340.076995849609,0,5,1
2022-03-24,375.259002685547,341.665008544922,0,8,1
2022-03-25,375.248992919922,340.996002197266,0,0,1
2022-03-27,375.335998535156,342.244995117188,0,0,1
2022-03-28,374.940002441406,341.440002441406,0,0,1
2022-03-29,368.880004882812,331.872985839844,0,0,1
2022-03-30,370.709991455078,334.108001708984,0,0,1
2022-03-31,368.648010253906,333.820007324219,0,6,1
2022-04-03,369.765014648438,336.419006347656,0,0,1
2022-04-04,376.843994140625,344.244995117188,0,7,1
2022-04-05,379.613006591797,347.989013671875,0,12,1
2022-04-06,382.037994384766,351.127990722656,0,0,1
2022-04-07,378.619995117188,348.768005371094,0,0,1
2022-04-10,380.196014404297,348.714996337891,0,0,1
2022-04-11,379.799011230469,349.769989013672,0,6,1
2022-04-12,378.703002929688,349.674011230469,0,0,1
2022-04-13,376.765014648438,349.891998291016,0,12,1
2022-04-14,376.760009765625,348.649993896484,0,0,1
2022-04-17,376.1669921875,348.609985351562,0,5,3
2022-04-18,374.243011474609,347.170013427734,0,0,3
2022-04-19,372.398986816406,344.920013427734,0,0,3
2022-04-20,372.221008300781,342.480010986328,0,0,3
2022-04-21,371.7919921875,344.994995117188,1,25,3
2022-04-24,374.665008544922,350.059997558594,0,0,5
2022-04-25,376.821014404297,353.863006591797,0,7,5
2022-04-26,380.386993408203,360,0,5,5
2022-04-27,378.579986572266,360.351013183594,0,21,5
2022-04-28,379.221008300781,360.339996337891,1,21,5
2022-05-01,382.669006347656,363.963012695312,0,0,1
2022-05-02,382.490997314453,364.4580078125,0,8,1
2022-05-03,381.567993164062,362.996002197266,0,4,1
2022-05-04,381.350006103516,362.957000732422,0,0,1
2022-05-05,383.790985107422,363.346008300781,0,10,1
2022-05-08,384.462005615234,365.967010498047,0,16,1
2022-05-09,380.764007568359,361.084991455078,0,0,1
2022-05-10,380.621002197266,361.126007080078,0,0,1
2022-05-11,384.0419921875,369.56201171875,0,6,1
2022-05-12,386.230987548828,372.015991210938,0,6,1
2022-05-15,390.867004394531,375.843994140625,0,0,1
2022-05-16,390.18701171875,373.350006103516,0,0,1
2022-05-17,385.928009033203,366.843994140625,0,7,1
2022-05-18,387.111999511719,368.805999755859,0,0,1
2022-05-19,385.164001464844,364.644989013672,0,0,1
2022-05-22,383.785003662109,363.119995117188,0,0,12
2022-05-23,384.527008056641,359.130004882812,0,0,12
2022-05-24,388.971008300781,365.140014648438,0,0,12
2022-05-25,395.885009765625,370.441986083984,0,42,12
2022-05-26,394.136993408203,368.209991455078,1,100,12
2022-05-29,394.579986572266,367.390014648438,0,5,1
2022-05-30,396.850006103516,371.283996582031,0,12,1
2022-05-31,398.548004150391,372.963012695312,0,0,1
2022-06-01,396.861999511719,372.519989013672,0,0,1
2022-06-02,395.774993896484,368.700012207031,0,13,1
2022-06-05,392.147003173828,365.980010986328,0,15,1
2022-06-06,390.188995361328,365.779998779297,0,0,1
2022-06-07,395.304992675781,368.123992919922,0,6,1
2022-06-08,396.571990966797,371.825012207031,0,6,1
2022-06-09,399.324005126953,379.494995117188,0,7,1
2022-06-12,402.808990478516,386.390991210938,0,0,2
2022-06-13,400.722991943359,384.850006103516,0,0,2
2022-06-14,401.082000732422,384.75,0,0,2
2022-06-15,400.528015136719,383.828002929688,0,0,2
2022-06-16,401.216003417969,383.015991210938,0,12,2
2022-06-19,400.739013671875,381.279998779297,0,0,1
2022-06-20,397.169006347656,377.605010986328,0,0,1
2022-06-21,397.178009033203,377.505004882812,0,12,1
2022-06-22,400.373992919922,381.127990722656,0,5,1
2022-06-23,402.001007080078,381.81298828125,0,10,1
2022-06-26,404.511993408203,382.225006103516,0,0,1
2022-06-27,402.440002441406,380.695007324219,0,11,1
2022-06-28,397.625,379.152008056641,0,0,1
2022-06-29,397.549011230469,382.546997070312,0,0,1
2022-06-30,401.945007324219,387.234985351562,0,0,1
2022-07-03,403.299987792969,387.001007080078,0,0,3
2022-07-04,409.528991699219,399.315002441406,0,0,3
2022-07-05,416.579010009766,409.619995117188,0,1,3
2022-07-06,415.251007080078,407.779998779297,0,0,3
2022-07-07,407.739013671875,404.201995849609,1,7,3
2022-07-10,411.759002685547,408.600006103516,0,2,17
2022-07-11,414.554992675781,414.325012207031,0,0,17
2022-07-12,410.777008056641,410.238006591797,0,3,17
2022-07-13,412.285003662109,411.865997314453,1,37,17
2022-07-14,406.881988525391,406.381988525391,0,14,17
2022-07-17,403.404998779297,398.242004394531,0,2,6
2022-07-18,401.519989013672,396.579986572266,0,4,6
2022-07-19,400.259002685547,393,0,3,6
2022-07-20,402.842010498047,395.928985595703,0,1,6
2022-07-21,398.977996826172,393.451995849609,0,7,6
2022-07-24,399.1669921875,390.805999755859,0,0,31
2022-07-25,402.088989257812,396.475006103516,0,0,31
2022-07-26,406.571014404297,401.350006103516,0,0,31
2022-07-27,408.373992919922,403.630004882812,0,0,31
2022-07-28,405.903991699219,399.890014648438,0,2,31
2022-07-31,404.388000488281,395.760009765625,0,4,2
2022-08-01,401.063995361328,391.364013671875,0,5,2
2022-08-02,398.842010498047,393.029998779297,0,0,2
2022-08-03,396.661987304688,389.674987792969,0,0,2
2022-08-04,394.875,388.714996337891,0,0,2
2022-08-07,394.640014648438,387.690002441406,0,2,1
2022-08-08,398.019989013672,389.385009765625,0,0,1
2022-08-09,401.242004394531,392.471008300781,0,0,1
2022-08-10,395.350006103516,384.559997558594,0,0,1
2022-08-11,394.787994384766,384.932006835938,0,3,1
2022-08-14,399.690002441406,392.131988525391,0,0,2
2022-08-15,406.178009033203,401.119995117188,0,0,2
2022-08-16,408.079986572266,401.903991699219,0,0,2
2022-08-17,407.821014404297,402.869995117188,0,3,2
2022-08-18,408.386993408203,405.640991210938,0,2,2
2022-08-21,409.970001220703,411.127990722656,0,0,10
2022-08-22,414.058013916016,416.390014648438,0,0,10
2022-08-23,414.630004882812,416.863006591797,1,25,10
2022-08-24,411.821014404297,413.381011962891,0,3,10
2022-08-25,413.152008056641,414.242004394531,0,0,10
2022-08-28,412.705993652344,415.609985351562,0,0,3
2022-08-29,408.598999023438,409.06201171875,0,0,3
2022-08-30,405.394012451172,406.295989990234,0,0,3
2022-08-31,401.981994628906,404.414001464844,0,0,3
2022-09-01,403.122985839844,404.462005615234,0,0,3
2022-09-04,404.977996826172,408.648010253906,0,2,12
2022-09-05,403.89599609375,408.459991455078,0,0,12
2022-09-06,404.459991455078,409.013000488281,0,0,12
2022-09-07,399.549987792969,400.015014648438,0,0,12
2022-09-08,397.346984863281,396.579986572266,1,29,12
2022-09-11,397.786987304688,393.619995117188,0,0,20
2022-09-12,398.760009765625,398.782012939453,0,2,20
2022-09-13,406.067993164062,406.989990234375,0,0,20
2022-09-14,408.734008789062,409.109985351562,0,11,20
2022-09-15,409.131011962891,409.941009521484,0,6,20
2022-09-18,405.180999755859,406.079010009766,0,12,6
2022-09-19,400.195007324219,401.080993652344,0,3,6
2022-09-20,407.240997314453,412.529998779297,0,3,6
2022-09-21,408.069000244141,415.744995117188,0,1,6
2022-09-22,406.998992919922,418.579986572266,0,2,6
2022-09-25,409.738006591797,425.345001220703,0,0,15
2022-09-26,408.783996582031,425.010009765625,0,2,15
2022-09-27,415.316986083984,433.019989013672,0,1,15
2022-09-28,423.695007324219,437.149993896484,0,4,15
2022-09-29,423.235992431641,434.075012207031,1,40,15
2022-10-02,425.774993896484,436.065002441406,0,6,1
2022-10-03,419.68701171875,426.760009765625,0,6,1
2022-10-04,425.841003417969,429.790008544922,0,0,1
2022-10-05,423.890014648438,432.779998779297,0,0,1
2022-10-06,424.877990722656,436.600006103516,0,9,1
2022-10-09,428.433013916016,441.917999267578,0,0,20
2022-10-10,429.845001220703,442.959014892578,0,0,20
2022-10-11,432.753997802734,447.325012207031,0,11,20
2022-10-12,433.81201171875,449.640991210938,0,4,20
2022-10-13,429.039001464844,439.06201171875,1,100,20
2022-10-16,419.027008056641,430.907012939453,0,0,11
2022-10-17,413.803985595703,421.234985351562,0,3,11
2022-10-18,414.760009765625,424.295013427734,0,2,11
2022-10-19,413.627014160156,424.100006103516,0,2,11
2022-10-20,415.403991699219,427.606994628906,0,15,11
2022-10-23,414.424011230469,421.709991455078,0,8,2
2022-10-24,414.752014160156,420.679992675781,0,2,2
2022-10-25,414.14599609375,416.290008544922,0,2,2
2022-10-26,412.165008544922,412.044006347656,0,6,2
2022-10-27,412.963012695312,415.790008544922,0,0,2
2022-10-31,412.868988037109,415.359985351562,0,14,10
2022-11-01,409.283996582031,413.920013427734,0,22,10
2022-11-02,408.653015136719,413.760009765625,0,24,10
2022-11-03,410.546997070312,420.803985595703,0,7,10
2022-11-04,407.282989501953,416.819000244141,0,9,10
2022-11-07,403.019989013672,406.320007324219,0,6,9
2022-11-08,403.144012451172,402.894989013672,0,0,9
2022-11-09,405.506988525391,403.769989013672,1,46,9
2022-11-10,403.114013671875,404.578002929688,0,5,9
2022-11-11,405.305999755859,395.269989013672,0,0,9
2022-11-14,410.77099609375,397.809997558594,0,11,9
2022-11-15,409.290008544922,396.829986572266,0,10,9
2022-11-16,412.358001708984,398.640014648438,0,29,9
2022-11-17,415.734985351562,402.822998046875,0,11,9
2022-11-18,412.286010742188,397.954986572266,0,2,9
2022-11-21,410.846008300781,401.420013427734,0,0,1
2022-11-22,409.277008056641,399.079986572266,0,0,1
2022-11-23,411.054992675781,398.204986572266,0,2,1
2022-11-24,415.531005859375,399.510009765625,0,2,1
2022-11-25,414.036010742188,398.260009765625,0,5,1
2022-11-28,409.138000488281,395.720001220703,0,0,6
2022-11-29,409.584014892578,396.149993896484,0,0,6
2022-11-30,410.029998779297,398.376007080078,0,33,6
2022-12-01,413.425994873047,395.980010986328,0,13,6
2022-12-02,412.522003173828,395.200012207031,0,3,6
2022-12-05,413.621002197266,394.191986083984,0,0,15
2022-12-06,415.647003173828,395.804992675781,1,69,15
2022-12-07,413.675994873047,394.765991210938,0,25,15
2022-12-08,419.472991943359,398.730987548828,0,3,15
2022-12-09,419.337005615234,397.808013916016,0,0,15
2022-12-12,420.25,399.31298828125,0,0,4
2022-12-13,414.300994873047,393.339996337891,0,21,4
2022-12-14,410.834991455078,386.769989013672,0,5,4
2022-12-15,408.394012451172,384.111999511719,0,4,4
2022-12-16,407.264007568359,383.515014648438,0,4,4
2022-12-19,405.898986816406,383.269989013672,0,0,7
2022-12-20,405.299987792969,382.165008544922,0,14,7
2022-12-21,403.045013427734,379.889007568359,1,29,7
2022-12-22,403.092987060547,379.875,0,7,7
2022-12-23,401.255004882812,378.360992431641,0,5,7
2022-12-26,399.5419921875,377.510009765625,0,0,1
2022-12-27,404.088989257812,379.282012939453,0,0,1
2022-12-28,403.847991943359,379.369995117188,0,0,1
2022-12-29,402.858001708984,378.835998535156,0,3,1
2022-12-30,402.016998291016,377.309997558594,0,0,1
2023-01-02,402.527008056641,377.743988037109,0,26,1
2023-01-03,404.084991455078,383.399993896484,0,0,1
2023-01-04,400,379.269989013672,0,0,1
2023-01-05,397.493988037109,377,0,0,1
2023-01-06,397.283996582031,378.524993896484,0,0,1
2023-01-09,398.515014648438,373.089996337891,0,0,5
2023-01-10,399.694000244141,372.890014648438,0,0,5
2023-01-11,400.321014404297,372.670013427734,0,23,5
2023-01-12,399.835998535156,371.93701171875,1,100,5
2023-01-13,398.553985595703,367.626007080078,0,0,5
2023-01-16,400.091003417969,370.355010986328,0,0,2
2023-01-17,401.02099609375,370.390014648438,0,0,2
2023-01-18,396.891998291016,368.329986572266,0,0,2
2023-01-19,396.804992675781,367.040008544922,0,18,2
2023-01-20,396.690002441406,366.233001708984,0,30,2
2023-01-23,397.436004638672,366.053985595703,0,0,3
2023-01-24,397.679992675781,366.265991210938,0,0,3
2023-01-25,390.691009521484,359.140991210938,0,17,3
2023-01-26,389.273986816406,357.640014648438,0,9,3
2023-01-27,390.2919921875,360.045013427734,0,0,3
2023-01-30,392.459014892578,360.658996582031,0,0,1
2023-01-31,391.826995849609,361.5419921875,0,0,1
2023-02-01,391.184997558594,360.290008544922,0,0,1
2023-02-02,389.744995117188,354.654998779297,0,14,1
2023-02-03,388.765991210938,359.644989013672,0,0,1
2023-02-06,395.653015136719,368.924987792969,0,0,3
2023-02-07,395.938995361328,369.894989013672,0,0,3
2023-02-08,392.123992919922,365.549987792969,0,0,3
2023-02-09,386.643005371094,360.75,1,65,3
2023-02-10,391.596984863281,366.039001464844,0,0,3
2023-02-13,388.660003662109,364.446990966797,0,0,1
2023-02-14,384.113006591797,357.850006103516,0,0,1
2023-02-15,381.342987060547,357.450988769531,0,0,1
2023-02-16,384.351989746094,360.364990234375,0,0,1
2023-02-17,387.274993896484,364.643005371094,0,0,1
2023-02-20,384.022003173828,359.790008544922,0,0,4
2023-02-21,385.356994628906,361.953002929688,0,0,4
2023-02-22,384.692993164062,361.429992675781,0,13,4
2023-02-23,382.011993408203,360.72900390625,0,0,4
2023-02-24,382.489013671875,363.006011962891,0,19,4
2023-02-27,381.170013427734,361.410003662109,0,7,1
2023-02-28,379.957000732422,358.597991943359,0,0,1
2023-03-01,378.606994628906,358.299987792969,0,0,1
2023-03-02,376.739013671875,355.290985107422,0,0,1
2023-03-03,379.325012207031,357.959991455078,0,0,1
2023-03-06,379.579986572266,356.850006103516,0,0,4
2023-03-07,379.489013671875,358.502014160156,0,0,4
2023-03-08,381.739990234375,362.260009765625,0,0,4
2023-03-09,380.524993896484,360.569000244141,1,65,4
2023-03-10,385.432006835938,364.450988769531,0,8,4
2023-03-13,393.100006103516,367.837005615234,0,8,1
2023-03-14,396.221984863281,370.549987792969,0,10,1
2023-03-15,400.276000976562,379.971008300781,0,0,1
2023-03-16,401.247985839844,378.763000488281,0,7,1
2023-03-17,398.903991699219,375.015014648438,0,0,1
2023-03-20,402.352996826172,378.272003173828,0,0,2
2023-03-21,394.858001708984,368.890014648438,0,0,2
2023-03-22,392.122009277344,363.75,0,0,2
2023-03-23,387.743988037109,356.059997558594,1,30,2
2023-03-24,389.386993408203,363.235992431641,0,0,2
2023-03-26,387.184997558594,359.128997802734,0,0,0
2023-03-27,385.930999755859,357.119995117188,0,0,0
2023-03-28,382.347991943359,353.160003662109,0,14,0
2023-03-29,381.691009521484,351.739990234375,0,26,0
2023-03-30,382.381988525391,351.415008544922,0,0,0
2023-04-02,381.441009521484,353.390014648438,0,0,3
2023-04-03,378.381011962891,347.518005371094,0,0,3
2023-04-04,378.065002441406,345.924987792969,0,0,3
2023-04-05,377.540008544922,346.359985351562,0,36,3
2023-04-06,376.173004150391,344.813995361328,1,100,3
2023-04-09,376.128997802734,346.992004394531,0,0,1
2023-04-10,376.550994873047,345.678985595703,0,0,1
2023-04-11,377.703002929688,345.670013427734,0,0,1
2023-04-12,375.571014404297,341.509002685547,0,13,1
2023-04-13,374.695007324219,340.734008789062,0,18,1
2023-04-16,373.760986328125,341.790008544922,0,14,3
2023-04-17,372.367004394531,340.989990234375,0,0,3
2023-04-18,378.964996337891,346.397003173828,0,0,3
2023-04-19,380.157012939453,346.589996337891,0,0,3
2023-04-20,378.319000244141,345.381988525391,0,65,3
2023-04-23,377.309997558594,343.945007324219,0,0,1
2023-04-24,377.631011962891,343.837005615234,0,50,1
2023-04-25,378.02099609375,344.660003662109,0,0,1
2023-04-26,374.471984863281,339.569000244141,0,0,1
2023-04-27,374.303009033203,340.640014648438,0,10,1
2023-04-30,373.204010009766,339.493988037109,0,0,1
2023-05-01,374.838989257812,341.307006835938,0,0,1
2023-05-02,376.417999267578,341.052001953125,0,0,1
2023-05-03,375.658996582031,339.635986328125,0,18,1
2023-05-04,373.570007324219,339.545013427734,0,0,1
2023-05-07,372.828002929688,338.369995117188,0,38,3
2023-05-08,372.480010986328,339.609985351562,0,0,3
2023-05-09,371.580993652344,339.127014160156,0,0,3
2023-05-10,371.838012695312,340.869995117188,0,0,3
2023-05-11,371.667999267578,341.028015136719,1,73,0
